,Fecha_corte,exchange_rate,codigo_de_contrato,codigo_de_prestamo,tipo_de_persona,tipo_de_cliente,tipo_de_documento,numero_de_documento,persona_o_rrll,ruc,empresa,correo,riesgo,tipo_de_prestamo,moneda,nro_de_cuotas,monto_prestado,tem,tea,interes_ganados,saldo_a_pagar,fecha_de_desembolso,banco_de_desembolso,numero_de_cuenta_del_cliente,gestion_del_prestamo,status_actual_del_prestamo,fecha_de_finalizacion,¿se_envio_correo_de_desmbolso?,¿se_ingreso_al_core_bancario?,¿se_envio_correo_inicial_a_contabilidad?,dias_de_mora,¿se_ingreso_a_equifax?,carpeta_cliente,direccion,correo.1,Fecha de pago del cliente,propietario_negocio,mes_finalizacion,mes_desembolso,aux col filtrado,Capital pagado,Interes pagado,Interes moratorio pagado,Monto pagado,Saldo a favor,Saldo Capital,fecha proximo pago,dias atraso,par 0,par 15,par 30,par 60,par 90,par 120,par 150,par 180,par 360,q_desembolso,m_desembolso
0,2025-09-30,3.47,LH-100001,LH-43775269304,Natural con Negocio,Nuevo,DNI,40553117,ELIZABETH CASTILLO MONTERO,10405531173,ELIZABETH CASTILLO MONTERO,ECASTILLOMONTERO123@GMAIL.COM,H,CUOTA FIJA,SOLES,12,5000.0,0.0502,0.8,,,2025-09-24,BCP,19102015634093,,VIGENTE,,1.0,1.0,1.0,0,0.0,10405531173_ELIZABETH CASTILLO MONTERO,JR. EUSEBIO GALVEZ SIQUERIA 332 - LIMA - SAN MARTIN DE PORRES,ECASTILLOMONTERO123@GMAIL.COM,,Priscila Quispe (pquispe@tandia.pe),,2025-09-30,vigente,0.0,0.0,0.0,0.0,0.0,5000.0,2025-11-05,0.0,0.0,0.0,0.0,0.0,0.0,0.0,0.0,0.0,0.0,1,5000.0
1,2025-09-30,3.47,LH-100002,LH-43789522463,Natural con Negocio,Nuevo,DNI,47614102,LUIS ALBERTO ANHUAMAN AZABACHE,10476141023,LUIS ALBERTO ANHUAMAN AZABACHE,luisanhuaman75@gmail.com,I,CUOTA FIJA,SOLES,6,2000.0,0.0428,0.6535,19.65,,2025-09-24,BCP,57090910922067,,FINALIZADO,2025-10-01,1.0,1.0,1.0,0,0.0,10476141023_LUIS ALBERTO ANHUAMAN AZABACHE,CALLE SAN DIEGO 269 URB LAS DELICIAS EL TRIANGULO LA LIBERTAD - TRUJILLO - MOCHE,luisanhuaman75@gmail.com,2025-10-01,Priscila Quispe (pquispe@tandia.pe),2025-10-31,2025-09-30,vigente,0.0,0.0,0.0,0.0,0.0,2000.0,2025-11-15,0.0,0.0,0.0,0.0,0.0,0.0,0.0,0.0,0.0,0.0,1,2000.0
2,2025-09-30,3.47,LH-100003,LH-43770868029,Persona Juridica,Nuevo,DNI,41816681,FERNANDO RIVELINO CASTRO FABIAN ,20611306751,BLACK FOODS S.A.C.,fernando.castro@blackfoodsperu.com,A,CUOTA FIJA,SOLES,12,5000.0,0.0278,0.3896,,,2025-09-26,BCP,1917094078051,,VIGENTE,,1.0,1.0,1.0,0,0.0,20611306751_BLACK FOODS S.A.C.,CAL.LAS TURQUESAS NRO. 409 URB. BALCONCILLO (PISO 3) LIMA - LIMA - LA VICTORIA,fernando.castro@blackfoodsperu.com,,Priscila Quispe (pquispe@tandia.pe),,2025-09-30,vigente,0.0,0.0,0.0,0.0,0.0,5000.0,2025-11-15,0.0,0.0,0.0,0.0,0.0,0.0,0.0,0.0,0.0,0.0,1,5000.0
3,2025-09-30,3.47,LH-100004,LH-43765591113,Persona Juridica,Nuevo,DNI,46135290,LUIS ALBERTO CORDOVA CHAVEZ ,20603035420,PASE & COMA CATERING E.I.R.L. - PASE & COMA E.I.R.L.,gerencia@paseycoma.com,B,CUOTA FIJA,SOLES,12,3000.0,0.0333,0.4816,,,2025-09-29,BCP,19190087709084,,VIGENTE,,1.0,1.0,1.0,0,0.0,20603035420_PASE & COMA CATERING E.I.R.L. - PASE & COMA E.I.R.L.,"AV. 28 DE JULIO MZ.F1A LT.8A, ASOC. DE VIVIENDA EL DORADO LIMA - LIMA - PUENTE PIEDRA",gerencia@paseycoma.com,,Priscila Quispe (pquispe@tandia.pe),,2025-09-30,vigente,0.0,0.0,0.0,0.0,0.0,3000.0,2025-11-25,0.0,0.0,0.0,0.0,0.0,0.0,0.0,0.0,0.0,0.0,1,3000.0
4,2025-09-30,3.47,LH-100005,LH-43763437329,Natural con Negocio,Nuevo,DNI,74080162,LUGO VALENZUELA GIANFRANCO EDGAR,10740801622,LUGO VALENZUELA GIANFRANCO EDGAR,jcsuarez.1105@gmail.com,A,CUOTA FIJA,SOLES,6,5000.0,0.0258,0.3575,,,2025-09-30,IBK,00312601331328576203,,VIGENTE,,1.0,1.0,1.0,0,0.0,10740801622_GIANFRANCO EDGAR LUGO VALENZUELA,JR. MATEO PUMACAHUA 1040 LIMA - JESUS MARIA,jcsuarez.1105@gmail.com,,Priscila Quispe (pquispe@tandia.pe),,2025-09-30,vigente,0.0,0.0,0.0,0.0,0.0,5000.0,2025-11-25,0.0,0.0,0.0,0.0,0.0,0.0,0.0,0.0,0.0,0.0,1,5000.0
5,2025-10-31,3.381,LH-100001,LH-43775269304,Natural con Negocio,Nuevo,DNI,40553117,ELIZABETH CASTILLO MONTERO,10405531173,ELIZABETH CASTILLO MONTERO,ECASTILLOMONTERO123@GMAIL.COM,H,CUOTA FIJA,SOLES,12,5000.0,0.0502,0.8,,,2025-09-24,BCP,19102015634093,,VIGENTE,,1.0,1.0,1.0,0,0.0,10405531173_ELIZABETH CASTILLO MONTERO,JR. EUSEBIO GALVEZ SIQUERIA 332 - LIMA - SAN MARTIN DE PORRES,ECASTILLOMONTERO123@GMAIL.COM,,Priscila Quispe (pquispe@tandia.pe),,2025-09-30,vigente,0.0,0.0,0.0,0.0,0.0,5000.0,2025-11-05,0.0,0.0,0.0,0.0,0.0,0.0,0.0,0.0,0.0,0.0,0,0.0
6,2025-10-31,3.381,LH-100002,LH-43789522463,Natural con Negocio,Nuevo,DNI,47614102,LUIS ALBERTO ANHUAMAN AZABACHE,10476141023,LUIS ALBERTO ANHUAMAN AZABACHE,luisanhuaman75@gmail.com,I,CUOTA FIJA,SOLES,6,2000.0,0.0428,0.6535,19.65,,2025-09-24,BCP,57090910922067,,FINALIZADO,2025-10-01,1.0,1.0,1.0,0,0.0,10476141023_LUIS ALBERTO ANHUAMAN AZABACHE,CALLE SAN DIEGO 269 URB LAS DELICIAS EL TRIANGULO LA LIBERTAD - TRUJILLO - MOCHE,luisanhuaman75@gmail.com,2025-10-01,Priscila Quispe (pquispe@tandia.pe),2025-10-31,2025-09-30,finalizado,0.0,19.65,0.0,19.65,0.0,0.0,,0.0,0.0,0.0,0.0,0.0,0.0,0.0,0.0,0.0,0.0,0,0.0
7,2025-10-31,3.381,LH-100003,LH-43770868029,Persona Juridica,Nuevo,DNI,41816681,FERNANDO RIVELINO CASTRO FABIAN ,20611306751,BLACK FOODS S.A.C.,fernando.castro@blackfoodsperu.com,A,CUOTA FIJA,SOLES,12,5000.0,0.0278,0.3896,,,2025-09-26,BCP,1917094078051,,VIGENTE,,1.0,1.0,1.0,0,0.0,20611306751_BLACK FOODS S.A.C.,CAL.LAS TURQUESAS NRO. 409 URB. BALCONCILLO (PISO 3) LIMA - LIMA - LA VICTORIA,fernando.castro@blackfoodsperu.com,,Priscila Quispe (pquispe@tandia.pe),,2025-09-30,vigente,0.0,0.0,0.0,0.0,0.0,5000.0,2025-11-15,0.0,0.0,0.0,0.0,0.0,0.0,0.0,0.0,0.0,0.0,0,0.0
8,2025-10-31,3.381,LH-100004,LH-43765591113,Persona Juridica,Nuevo,DNI,46135290,LUIS ALBERTO CORDOVA CHAVEZ ,20603035420,PASE & COMA CATERING E.I.R.L. - PASE & COMA E.I.R.L.,gerencia@paseycoma.com,B,CUOTA FIJA,SOLES,12,3000.0,0.0333,0.4816,,,2025-09-29,BCP,19190087709084,,VIGENTE,,1.0,1.0,1.0,0,0.0,20603035420_PASE & COMA CATERING E.I.R.L. - PASE & COMA E.I.R.L.,"AV. 28 DE JULIO MZ.F1A LT.8A, ASOC. DE VIVIENDA EL DORADO LIMA - LIMA - PUENTE PIEDRA",gerencia@paseycoma.com,,Priscila Quispe (pquispe@tandia.pe),,2025-09-30,vigente,0.0,0.0,0.0,0.0,0.0,3000.0,2025-11-25,0.0,0.0,0.0,0.0,0.0,0.0,0.0,0.0,0.0,0.0,0,0.0
9,2025-10-31,3.381,LH-100005,LH-43763437329,Natural con Negocio,Nuevo,DNI,74080162,LUGO VALENZUELA GIANFRANCO EDGAR,10740801622,LUGO VALENZUELA GIANFRANCO EDGAR,jcsuarez.1105@gmail.com,A,CUOTA FIJA,SOLES,6,5000.0,0.0258,0.3575,,,2025-09-30,IBK,00312601331328576203,,VIGENTE,,1.0,1.0,1.0,0,0.0,10740801622_GIANFRANCO EDGAR LUGO VALENZUELA,JR. MATEO PUMACAHUA 1040 LIMA - JESUS MARIA,jcsuarez.1105@gmail.com,,Priscila Quispe (pquispe@tandia.pe),,2025-09-30,vigente,0.0,0.0,0.0,0.0,0.0,5000.0,2025-11-25,0.0,0.0,0.0,0.0,0.0,0.0,0.0,0.0,0.0,0.0,0,0.0
10,2025-10-31,3.381,LH-100002,LH-45224519959,Natural con Negocio,Antiguo,DNI,47614102,LUIS ALBERTO ANHUAMAN AZABACHE,10476141023,LUIS ALBERTO ANHUAMAN AZABACHE,luisanhuaman75@gmail.com,I,CUOTA FIJA,SOLES,6,4000.0,0.0465,0.7253,,,2025-10-01,BCP,57090910922067,Ampliación,VIGENTE,,1.0,1.0,1.0,0,0.0,10476141023_LUIS ALBERTO ANHUAMAN AZABACHE,CALLE SAN DIEGO 269 URB LAS DELICIAS EL TRIANGULO LA LIBERTAD - TRUJILLO - MOCHE,luisanhuaman75@gmail.com,,Priscila Quispe (pquispe@tandia.pe),,2025-10-31,vigente,0.0,0.0,0.0,0.0,0.0,4000.0,2025-11-15,0.0,0.0,0.0,0.0,0.0,0.0,0.0,0.0,0.0,0.0,1,4000.0
11,2025-11-30,3.5,LH-100001,LH-43775269304,Natural con Negocio,Nuevo,DNI,40553117,ELIZABETH CASTILLO MONTERO,10405531173,ELIZABETH CASTILLO MONTERO,ECASTILLOMONTERO123@GMAIL.COM,H,CUOTA FIJA,SOLES,12,5000.0,0.0502,0.8,,,2025-09-24,BCP,19102015634093,,VIGENTE,,1.0,1.0,1.0,0,0.0,10405531173_ELIZABETH CASTILLO MONTERO,JR. EUSEBIO GALVEZ SIQUERIA 332 - LIMA - SAN MARTIN DE PORRES,ECASTILLOMONTERO123@GMAIL.COM,,Priscila Quispe (pquispe@tandia.pe),,2025-09-30,vigente,0.0,0.0,0.0,0.0,0.0,5000.0,2025-11-05,25.0,5000.0,5000.0,0.0,0.0,0.0,0.0,0.0,0.0,0.0,0,0.0
12,2025-11-30,3.5,LH-100003,LH-43770868029,Persona Juridica,Nuevo,DNI,41816681,FERNANDO RIVELINO CASTRO FABIAN ,20611306751,BLACK FOODS S.A.C.,fernando.castro@blackfoodsperu.com,A,CUOTA FIJA,SOLES,12,5000.0,0.0278,0.3896,,,2025-09-26,BCP,1917094078051,,VIGENTE,,1.0,1.0,1.0,0,0.0,20611306751_BLACK FOODS S.A.C.,CAL.LAS TURQUESAS NRO. 409 URB. BALCONCILLO (PISO 3) LIMA - LIMA - LA VICTORIA,fernando.castro@blackfoodsperu.com,,Priscila Quispe (pquispe@tandia.pe),,2025-09-30,vigente,0.0,0.0,0.0,0.0,0.0,5000.0,2025-11-15,15.0,5000.0,0.0,0.0,0.0,0.0,0.0,0.0,0.0,0.0,0,0.0
13,2025-11-30,3.5,LH-100004,LH-43765591113,Persona Juridica,Nuevo,DNI,46135290,LUIS ALBERTO CORDOVA CHAVEZ ,20603035420,PASE & COMA CATERING E.I.R.L. - PASE & COMA E.I.R.L.,gerencia@paseycoma.com,B,CUOTA FIJA,SOLES,12,3000.0,0.0333,0.4816,,,2025-09-29,BCP,19190087709084,,VIGENTE,,1.0,1.0,1.0,0,0.0,20603035420_PASE & COMA CATERING E.I.R.L. - PASE & COMA E.I.R.L.,"AV. 28 DE JULIO MZ.F1A LT.8A, ASOC. DE VIVIENDA EL DORADO LIMA - LIMA - PUENTE PIEDRA",gerencia@paseycoma.com,,Priscila Quispe (pquispe@tandia.pe),,2025-09-30,vigente,0.0,0.0,0.0,0.0,0.0,3000.0,2025-11-25,5.0,3000.0,0.0,0.0,0.0,0.0,0.0,0.0,0.0,0.0,0,0.0
14,2025-11-30,3.5,LH-100005,LH-43763437329,Natural con Negocio,Nuevo,DNI,74080162,LUGO VALENZUELA GIANFRANCO EDGAR,10740801622,LUGO VALENZUELA GIANFRANCO EDGAR,jcsuarez.1105@gmail.com,A,CUOTA FIJA,SOLES,6,5000.0,0.0258,0.3575,,,2025-09-30,IBK,00312601331328576203,,VIGENTE,,1.0,1.0,1.0,0,0.0,10740801622_GIANFRANCO EDGAR LUGO VALENZUELA,JR. MATEO PUMACAHUA 1040 LIMA - JESUS MARIA,jcsuarez.1105@gmail.com,,Priscila Quispe (pquispe@tandia.pe),,2025-09-30,vigente,0.0,0.0,0.0,0.0,0.0,5000.0,2025-11-25,5.0,5000.0,0.0,0.0,0.0,0.0,0.0,0.0,0.0,0.0,0,0.0
15,2025-11-30,3.5,LH-100002,LH-45224519959,Natural con Negocio,Antiguo,DNI,47614102,LUIS ALBERTO ANHUAMAN AZABACHE,10476141023,LUIS ALBERTO ANHUAMAN AZABACHE,luisanhuaman75@gmail.com,I,CUOTA FIJA,SOLES,6,4000.0,0.0465,0.7253,,,2025-10-01,BCP,57090910922067,Ampliación,VIGENTE,,1.0,1.0,1.0,0,0.0,10476141023_LUIS ALBERTO ANHUAMAN AZABACHE,CALLE SAN DIEGO 269 URB LAS DELICIAS EL TRIANGULO LA LIBERTAD - TRUJILLO - MOCHE,luisanhuaman75@gmail.com,,Priscila Quispe (pquispe@tandia.pe),,2025-10-31,vigente,0.0,0.0,0.0,0.0,0.0,4000.0,2025-11-15,15.0,4000.0,0.0,0.0,0.0,0.0,0.0,0.0,0.0,0.0,0,0.0
